{
  "response": {
    "count": 6,
    "items": [
      {
        "id": -6,
        "owner_id": 26170628,
        "size": 4,
        "title": "Фотографии с моей страницы",
        "can_delete": false,
        "thumb_id": 456244194
      },
      {
        "id": -7,
        "owner_id": 26170628,
        "size": 42,
        "title": "Фотографии на моей стене",
        "can_delete": false,
        "thumb_id": 457245513
      },
      {
        "id": -15,
        "owner_id": 26170628,
        "size": 1155,
        "title": "Сохранённые фотографии",
        "can_delete": false,
        "thumb_id": 457249961
      },
      {
        "id": -9000,
        "owner_id": 26170628,
        "size": 9,
        "title": "Фотографии со мной",
        "can_delete": false,
        "thumb_id": 303783895
      },
      {
        "id": 256122214,
        "owner_id": 26170628,
        "size": 7,
        "title": "Качественный контент",
        "created": 1535307754,
        "description": "",
        "can_delete": true,
        "privacy_comment": {
          "category": "only_me",
          "lists": {
            "allowed": [],
            "excluded": []
          },
          "owners": {
            "allowed": [],
            "excluded": []
          }
        },
        "privacy_view": {
          "category": "only_me",
          "lists": {
            "allowed": [],
            "excluded": []
          },
          "owners": {
            "allowed": [],
            "excluded": []
          }
        },
        "thumb_id": 456242388,
        "updated": 1555837407
      },
      {
        "id": 246368472,
        "owner_id": 26170628,
        "size": 91,
        "title": "Моменты",
        "created": 1501779517,
        "description": "",
        "can_delete": true,
        "privacy_comment": {
          "category": "friends",
          "lists": {
            "allowed": [],
            "excluded": []
          },
          "owners": {
            "allowed": [],
            "excluded": []
          }
        },
        "privacy_view": {
          "category": "friends",
          "lists": {
            "allowed": [],
            "excluded": []
          },
          "owners": {
            "allowed": [],
            "excluded": []
          }
        },
        "thumb_id": 457245836,
        "thumb_is_last": 1,
        "updated": 1575902663
      }
    ]
  }
}